Title,URL
Maryland counties face possible federal litigation as ICE ramps up enforcement under Trump,https://wjla.com/news/local/maryland-counties-face-possible-federal-litigation-as-ice-ramps-up-enforcement-under-trump
Clovis Delays 10-Year Recycling Contract as Controversy Erupts,https://gvwire.com/2025/02/19/clovis-delays-10-year-recycling-contract-as-controversy-erupts/
Gloo Announces New Trust Standards to Advance AI Aligned with Human Flourishing,https://www.prnewswire.com/news-releases/gloo-announces-new-trust-standards-to-advance-ai-aligned-with-human-flourishing-302380716.html
U.S. attorney investigating cryptocurrency investment fraud,https://www.wwlp.com/news/massachusetts/u-s-attorney-investigating-cryptocurrency-investment-fraud/
"Levi & Korsinsky Reminds Shareholders of a Lead Plaintiff Deadline of March 25, 2025 in Novo Lawsuit - NVO",https://stockhouse.com/news/press-releases/2025/02/19/levi-korsinsky-reminds-shareholders-of-a-lead-plaintiff-deadline-of-march-21
BP Must Face Contract Claim In Bayer's $12M Benzene Suit,https://www.law360.com/energy/articles/2300026/bp-must-face-contract-claim-in-bayer-s-12m-benzene-suit
SEC Says Duo Ran $1.5M Scam To Fund Deal With Red Flags,https://www.law360.com/consumerprotection/articles/2299507?utm_source=rss&utm_medium=rss&utm_campaign=section
Montanans voice concern over states involvement in Section 504 lawsuit,https://nbcmontana.com/news/local/montanans-voice-concern-over-states-involvement-in-section-504-lawsuit
"VG Investors Have Opportunity to Lead Venture Global, Inc. Securities Fraud Lawsuit with the Schall Law Firm",https://www.businesswire.com/news/home/20250219966761/en/VG-Investors-Have-Opportunity-to-Lead-Venture-Global-Inc.-Securities-Fraud-Lawsuit-with-the-Schall-Law-Firm
Temporary restraining order extended in Grants Pass homeless lawsuit,https://www.ijpr.org/poverty-and-homelessness/2025-02-19/temporary-restraining-order-extended-in-grants-pass-homeless-lawsuit
Parents Fight Riddell's Bid To Move Defective Helmet Lawsuit,https://www.law360.com/articles/2299832/parents-fight-riddell-s-bid-to-move-defective-helmet-lawsuit
Prospect Medical Blames Yale Lawsuit For Ch. 11 Filing,https://www.law360.com/bankruptcy-authority/large-cap/articles/2299969/prospect-medical-blames-yale-lawsuit-for-ch-11-filing
"Lawsuit seeks to reinstate USAID contractors, claiming irreparable harm",https://www.devex.com/news/lawsuit-seeks-to-reinstate-usaid-contractors-claiming-irreparable-harm-109447
I-TEAM: Federal judge shoots down attempt to dismiss ‘Brave Cave’ lawsuit,https://www.wafb.com/video/2025/02/19/i-team-federal-judge-shoots-down-attempt-dismiss-brave-cave-lawsuit/
Class Action Group Of The Year: WilmerHale,https://www.law360.com/classaction/articles/2278508/class-action-group-of-the-year-wilmerhale
"Greensburg man accused of breaking into ex-girlfriend’s home, smearing his own blood inside",https://www.yahoo.com/news/greensburg-man-accused-breaking-ex-000734557.html
"Watchdog rules “clean gas” claims from Gina Rinehart company are false, misleading",https://reneweconomy.com.au/watchdog-rules-clean-gas-claims-from-gina-rinehart-company-are-false-misleading/?utm_source=rss&utm_medium=rss&utm_campaign=watchdog-rules-clean-gas-claims-from-gina-rinehart-company-are-false-misleading
Swiss court rejects Postbus fraud case,https://www.swissinfo.ch/eng/various/bern-commercial-criminal-court-rejects-postbus-case/88899326?utm_source=multiple&utm_medium=website&utm_campaign=news_en&utm_content=o&utm_term=wpblock_news
Alberta Premier Smith to give update on response to health corruption allegations,https://www.msn.com/en-ca/news/canada/alberta-premier-shuffles-deputy-health-minister-amid-allegations-of-corruption/ar-AA1znEp0
"Actor Lee Ha-nee addresses real estate purchase allegations, denies illegal practices",https://www.koreatimes.co.kr/www/art/2025/02/398_392622.html
Ravens mum after latest wave of Justin Tucker allegations,https://sports.yahoo.com/ravens-mum-latest-wave-justin-152051880.html
"Sources: top X execs hinted to Interpublic and other ad firms that a lack of spending on X could lead to legal woes, due to X's lawsuit against some advertisers (Suzanne Vranica/Wall Street Journal)",http://mediagazer.com/250219/p18#a250219p18
FCC Decision To Nix Complaint Against Fox TV Appealed,https://www.law360.com/consumerprotection/articles/2299983?utm_source=rss&utm_medium=rss&utm_campaign=section
Co-accused in Williams Lake stabbing incident to go to trial next month,https://www.mycariboonow.com/106012/featured/co-accused-in-williams-lake-stabbing-incident-to-go-to-trial-next-month/
Mother seeks court's permission to 'tell her story' in legal first,https://www.lawgazette.co.uk/news/mother-seeks-courts-permission-to-tell-her-story-in-legal-first/5122412.article
FIRS chairman seeks improved legal framework to create economic prosperity,https://tribuneonlineng.com/firs-chairman-seeks-improved-legal-framework-to-create-economic-prosperity/
Armed Portland man arrested near Salem Health hospital campus,http://rssfeeds.kgw.com/~/913379753/0/kgw/local~Armed-Portland-man-arrested-near-Salem-Health-hospital-campus
Outburst Against Steven Sim: DAP Will Probe If There's A Complaint - Loke,https://www.bernama.com/en/general/news.php?id=2394071
Man charged with harassment after emails sent to school,https://www.bbc.com/news/articles/cvgw3gvp723o
Man allegedly drunkenly drives at onlookers in Canberra's north,https://www.canberratimes.com.au/story/8897466/canberra-man-charged-after-drunken-car-incident/?src=rss
Scandal in Brazil: Anglican “Priestess” (Concelebrates? And Receives the Eucharist During Inauguration Mass of New Catholic Bishop - ZENIT,https://zenit.org/2025/02/19/scandal-in-brazil-anglican-priestess-concelebrates-and-receives-the-eucharist-during-inauguration-mass-of-new-catholic-bishop/
The real reason CBS executive was given the boot after scandal-plagued seven months,https://www.dailymail.co.uk/media/article-14414611/CBS-News-executive-adrienne-roark-leaves-network.html
Ex-NFL punter Chris Kluwe arrested over protest of MAGA plaque,https://nypost.com/video/ex-nfl-punter-chris-kluwe-arrested-over-protest-of-maga-plaque/
'Wholly inappropriate': City fires back after Cleveland Community Police Commission releases list of open misconduct cases,https://www.wkyc.com/article/news/local/cleveland/cleveland-community-police-commission-releases-list-open-misconduct-cases-city-responds-human-resources-union/95-dc52ccf8-d16f-4399-bd86-b1607c44d3c4
Ga. Judge Faces Another Round Of Misconduct Charges,https://www.law360.com/pulse/articles/2299897/ga-judge-faces-another-round-of-misconduct-charges
"Arrested election gun ban violators reach over 1,000 --PNP",https://www.gmanetwork.com/news/topstories/nation/936797/arrested-election-gun-ban-violators-reach-over-1-000-pnp/story/
SL Green Can't Escape Property Transfer Fraud Suit,https://www.law360.com/corporate/articles/2300073?utm_source=rss&utm_medium=rss&utm_campaign=section
Senators clash over FBI director pick ahead of confirmation vote,https://www.thestate.com/news/nation-world/national/article300629009.html#storylink=rss
Seven Chilean men are charged with stealing millions from high-profile athletes' homes,https://www.npr.org/2025/02/19/nx-s1-5302155/chileans-charged-over-athlete-burglaries
Investor Alert – North-South divide presents opportunities for buyers,https://www.propertyinvestortoday.co.uk/breaking-news/2025/02/investor-alert-north-south-divide-presents-opportunities-for-buyers/
Sen. Tuberville to Newsmax: 'Jail' for Committing Govt Fraud,https://www.newsmax.com/politics/congress-funding-doge/2025/02/19/id/1199751
[GHSA-mpg8-8x9c-p9gv] MaysWind ezBookkeeping has Improper Privilege Management,
"Student arrested at Watsonville High for knife, fake gun photo sparks investigation",https://www.ksbw.com/article/student-arrested-watsonville-high-knife-fake-gun/63846425
Doctor files second lawsuit amid ongoing legal dispute,https://eldoradospringsmo.com/community/doctor-files-second-lawsuit-amid-ongoing-legal-dispute/
Sydney hospital blamed for death of two-year-old boy,https://www.brisbanetimes.com.au/national/sydney-hospital-blamed-for-death-of-two-year-old-boy-20250220-p5ldq4.html?ref=rss&utm_medium=rss&utm_source=rss_feed
Resident of The Villages arrested after 911 calls from City Fire,https://www.villages-news.com/2025/02/19/resident-of-the-villages-arrested-after-911-calls-from-city-fire/
Cesar Chavez resigns as PCO chief,https://businessmirror.com.ph/2025/02/20/cesar-chavez-resigns-as-pco-chief/
Why Analysts Are Bullish on Arista Networks Despite Stock's Drop Wednesday,https://www.investopedia.com/why-analysts-are-bullish-on-arista-networks-despite-stock-drop-wednesday-11683060
Teacher arrested for alleged abuse of former student in Riverside,https://www.fox26medford.com/news/state/teacher-arrested-for-alleged-abuse-of-former-student-in-riverside/article_90403737-9801-5fe2-8e12-5ff56f52390a.html
"Master of Factory Trawler Arrested in Cork, Ireland",https://www.maritime-executive.com/article/master-of-factory-trawler-arrested-in-cork-ireland
Florida appeals court backs DeSantis in legal battle over records of migrant flights,https://www.wuft.org/fresh-take-florida/2025-02-19/florida-appeals-court-backs-desantis-in-legal-battle-over-records-of-migrant-flights
Some Delta plane crash survivors consider legal action as investigation continues into cause,https://ca.news.yahoo.com/delays-continue-pearson-airport-crashed-163610237.html
City vs. county again? OKC cites OK County for building code violation at courthouse annex,https://www.oklahoman.com/story/news/2025/02/19/okc-oklahoma-county-courthouse-annex-building-code-violation/78518787007/
Whiteside County will settle solar farm application lawsuit accusing County Board of overriding state law,https://www.shawlocal.com/sauk-valley/2025/02/20/whiteside-county-will-settle-solar-farm-application-lawsuit-accusing-county-board-of-overriding-state-law/
Lawsuit against WCSD dismissed with prejudice,https://www.kolotv.com/2025/02/19/lawsuit-against-wcsd-dismissed-with-prejudice/
"Former Canoo employees file class-action lawsuit over layoffs, alleging WARN Act violations",https://www.news9.com/story/67b66c4fe9675cecb6e7e0f3/former-canoo-employees-file-class-action-lawsuit-over-layoffs-alleging-warn-act-violations
Advocates concerned Texas lawsuit targeting transgender protections could lead to end of Section 504,https://www.fox7austin.com/news/section-504-lawsuit-texas-gender-dysphoria
INVESTOR ALERT: Shareholder Class Action Lawsuit Filed,https://www.globenewswire.com/news-release/2025/02/19/3029230/0/en/INVESTOR-ALERT-Shareholder-Class-Action-Lawsuit-Filed-Against-TransMedics-Group-Inc-NASDAQ-TMDX-DiCello-Levitt-LLP-Encourages-Investors-with-Losses-to-Discuss-Their-Options-with-Co.html
"Suspended lawyer's behaviour 'unflattering' but not criminal, defence contends at trial",https://www.msn.com/en-ca/news/canada/suspended-lawyers-behaviour-unflattering-but-not-criminal-defence-contends-at-trial/ar-AA1yCwie
Political streamer Destiny sued for allegedly sharing explicit videos of plaintiff without permission,https://dotesports.com/streaming/news/political-streamer-destiny-sued-for-allegedly-sharing-explicit-videos-of-plaintiff-without-permission
Former high-ranking D.C. official charged with bribery,https://www.washingtonpost.com/dc-md-va/2025/02/19/dc-bribery-case-violence-interrupters/
Hemp Cos. Drop Suit Challenging Va. Hemp Regulations,https://www.law360.com/consumerprotection/articles/2300180?utm_source=rss&utm_medium=rss&utm_campaign=section
"Garage fire causes up to $50k in damages, no injuries reported",https://news3lv.com/news/local/garage-fire-causes-up-to-50k-in-damages-no-injuries-reported
"Target Continues to Faces Backlash After Scaling Back Diversity, Equity, and Inclusion Programs",https://gayety.co/target-continues-to-faces-backlash-after-scaling-back-diversity-equity-and-inclusion-programs
Oreo Maker Mondelez Faces Rising Costs Due To New US Health Policies,https://www.benzinga.com/25/02/43832950/oreo-maker-mondelez-faces-rising-costs-due-to-new-us-health-policies
Wednesday Afternoon Headlines: O’Malley disputes Musk’s claims about Social Security fraud; Transit poses challenges for Baltimore students; Zizians leaders held without bail in Maryland; and more.,https://baltimorefishbowl.com/stories/wednesday-afternoon-headlines-omalley-disputes-musks-claims-about-social-security-fraud-transit-poses-challenges-for-baltimore-students-zizians-leaders-held-without-bail-in-maryland-and-more/
"ROSEN, LEADING INVESTOR COUNSEL, Encourages Edison International Investors to Secure Counsel Before Important Deadline in Securities Class Action First Filed by the Firm – EIX",https://www.globenewswire.com/news-release/2025/02/20/3029254/673/en/ROSEN-LEADING-INVESTOR-COUNSEL-Encourages-Edison-International-Investors-to-Secure-Counsel-Before-Important-Deadline-in-Securities-Class-Action-First-Filed-by-the-Firm-EIX.html
"Federman & Sherwood Investigates The Reshaping and Nutritional Company, LLC dba ArdyssLife for Data Breach",https://www.globenewswire.com/news-release/2025/02/20/3029251/0/en/Federman-Sherwood-Investigates-The-Reshaping-and-Nutritional-Company-LLC-dba-ArdyssLife-for-Data-Breach.html
Belmont County assistant EMA director charged with soliciting minor,https://wtov9.com/news/local/belmont-county-ema-deputy-director-arrested-on-fugitive-charges
USAID contracts and grants still being terminated despite court order,https://www.devex.com/news/usaid-contracts-and-grants-still-being-terminated-despite-court-order-109445
DOT says it has terminated approval for NYCs congestion pricing plan,https://www.fingerlakesdailynews.com/national-news/dot-says-it-has-terminated-approval-for-nycs-congestion-pricing-plan
Federal approval for New York's congestion pricing terminated,https://www.investing.com/news/stock-market-news/federal-approval-for-new-yorks-congestion-pricing-terminated-93CH-3878113
Pub landlord ordered to make boozer's bull mural more 'farm-like' after council battle,https://www.dailystar.co.uk/news/weird-news/pub-landlord-ordered-make-boozers-34713138
Legal Journalist Meghann Cuniff Faces Backlash for Betting A$AP Rocky Would Lose Trial,https://www.vladtv.com/article/309591/legal-journalist-meghann-cuniff-faces-backlash-for-betting-a-ap-rocky
Police Arrest Pro-Life Grandma for Peacefully Standing Outside Abortion Biz,https://www.lifenews.com/2025/02/19/police-arrest-pro-life-grandma-for-peacefully-standing-outside-abortion-biz/
USDS Engineering Director Resigns: ‘This Is Not the Mission I Came to Serve’,https://www.wired.com/story/doge-engineering-director-resign/
Major Anti-Drug Operation in Havana Results in Numerous Arrests,https://www.cubaheadlines.com/articles/297446
Health Care Company Faces Lawsuit For Pocketing Millions Received In Error,https://www.msn.com/en-us/news/us/health-care-company-faces-lawsuit-for-pocketing-millions-received-in-error/ss-BB1rsfsH?ocid=HPCDHP
New Mexico's public safety secretary faces misconduct allegation,https://www.santafenewmexican.com/news/local_news/new-mexicos-public-safety-secretary-faces-misconduct-allegation/article_4b79c776-eefe-11ef-9816-4f65a471ece0.html
Property management company ordered to pay €40k to worker who was fired after revealing she was pregnant,http://www.msn.com/en-ie/money/other/property-management-company-ordered-to-pay-40k-to-worker-who-was-fired-after-revealing-she-was-pregnant/ar-AA1znCJn?apiversion=v2&noservercache=1&domshim=1&renderwebcomponents=1&wcseo=1&batchservertelemetry=1&noservertelemetry=1
Over 300 drink-drivers arrested in Cardiff and Vale in year,https://www.penarthtimes.co.uk/news/24947448.drink-driving-300-arrested-cardiff-vale/?ref=rss
[Baker] A follow-up to my reporting on Carolina Blue with @brendanmarks.bsky.social . N.C. attorney David McKenzie has filed a lawsuit against UNC. He alleges the school has violated the state's public records law by not providing full legal bills for the Carolina Blue Matter,https://www.reddit.com/r/CFB/comments/1itk1gj/baker_a_followup_to_my_reporting_on_carolina_blue/
Huntington Bancshares Incorporated to Present at the RBC Capital Markets Financial Institutions Conference,https://www.prnewswire.com/news-releases/huntington-bancshares-incorporated-to-present-at-the-rbc-capital-markets-financial-institutions-conference-302380856.html
3 California visitors fined thousands after illegal Wyoming fishing trip,https://www.sfgate.com/bayarea/article/california-trout-fishermen-wyoming-fined-20176258.php
"Entain NZ leaders resign, vow to stay in racing industry",https://www.nzherald.co.nz/sport/racing/entain-nz-leaders-resign-vow-to-stay-in-racing-industry/3JM2UT5265DK5D6PXPHI4JHHEM/
Judge restricts defendants after witness tampering allegations surface in Minnesota food fraud case,https://www.mesabitribune.com/ap/business/judge-restricts-defendants-after-witness-tampering-allegations-surface-in-minnesota-food-fraud-case/article_480f6601-b94b-5ddc-a28c-c94b7de2324c.html
Artem Chigvintsev Says Domestic Violence Arrest Ruined His Life,https://www.tmz.com/2025/02/19/artem-chigvintsev-domestic-violence-arrest-ruined-life/
Samoa's embattled Prime Minister faces court action to have her removed,https://www.abc.net.au/pacific/programs/pacificbeat/samoapolitcsupdate/104959160
Funkadelic Keyboardist Won't Face Sanctions In Royalty Fight,https://www.law360.com/cybersecurity-privacy/articles/2299927?utm_source=rss&utm_medium=rss&utm_campaign=section
Nell Fletcher’s Stepdaughter Blames Sour Relationship on Chris Fletcher’s Alleged Serial Cheating?,https://urbanbellemag.com/2025/02/19/nell-fletchers-stepdaughter-blames-sour-relationship-on-chris-fletcher-alleged-serial-cheating/
Alleged N3.6b Fraud: Ex-NDDc scribe faces arrest after EFCC medical probe,https://guardian.ng/news/nigeria/metro/alleged-n3-6b-fraud-ex-nddc-scribe-faces-arrest-after-efcc-medical-probe/
Charges laid following intimate partner violence investigation,https://www.elorafergustoday.com/police-beat/charges-laid-following-intimate-partner-violence-investigation-10254536
Cesar Chavez quits as PCO acting chief: I have fallen short of what was expected of me,https://www.gmanetwork.com/news/topstories/nation/936790/cesar-chavez-quits-as-pco-acting-chief-i-have-fallen-short-of-what-was-expected-of-me/story/
Man sustains life-threatening injuries in alleged early morning assault in Logan Central,https://7news.com.au/news/man-sustains-life-threatening-injuries-in-alleged-early-morning-assault-in-logan-central-c-17784816
Third lawsuit filed against controversial Massachusetts gun law,https://www.wwlp.com/news/state-politics/third-lawsuit-filed-against-controversial-massachusetts-gun-law/
"MULN Investors Have Opportunity to Lead Mullen Automotive, Inc. Securities Fraud Lawsuit",https://www.prnewswire.com/news-releases/muln-investors-have-opportunity-to-lead-mullen-automotive-inc-securities-fraud-lawsuit-302380658.html
Blake Lively amends her lawsuit against Justin Baldoni,https://www.kikvradio.com/blake-lively-amends-her-lawsuit-against-justin-baldoni/
County lawsuit alleges Dayton overcharging county for non-potable water,https://www.daytondailynews.com/local/county-lawsuit-alleges-dayton-overcharging-county-for-non-potable-water/XEE345C6MBFLLJXDDA5BHKVWBQ/
"CRBU Deadline: CRBU Investors Have Opportunity to Lead Caribou Biosciences, Inc. Securities Fraud Lawsuit",https://www.prnewswire.com/news-releases/crbu-deadline-crbu-investors-have-opportunity-to-lead-caribou-biosciences-inc-securities-fraud-lawsuit-302380701.html
"Hydrogen Adoption in European Public Transport Faces Grid and Storage Challenges, Research Reveals",https://hydrogen-central.com/hydrogen-adoption-in-european-public-transport-faces-grid-and-storage-challenges-research-reveals/
Liberty Steel plant in Georgetown facing lawsuit over unpaid electric service,https://www.live5news.com/2025/02/19/liberty-steel-plant-georgetown-facing-lawsuit-over-unpaid-electric-service/
TD Bank class action claims data breach exposed customers’ PII,https://topclassactions.com/lawsuit-settlements/lawsuit-news/td-bank-class-action-claims-data-breach-exposed-customers-pii/
Legal Storm Brews: Mostert and Bosman Accused of Withholding R57m Banxso Settlement from Clients,https://www.msn.com/en-za/news/other/legal-storm-brews-mostert-and-bosman-accused-of-withholding-r57m-banxso-settlement-from-clients/ar-AA1zgtNS
"Hartford priest accused of taking money from church, placed on leave",https://www.wtnh.com/news/connecticut/hartford/hartford-priest-accused-of-taking-money-from-church-placed-on-leave/
Former Cook County assistant state's attorneys found not guilty of misconduct,https://abc7chicago.com/post/former-cook-county-assistant-states-attorneys-prosecutors-nicolas-turtenko-andrew-horvat-found-not-guilty-misconduct-charges/15933514/
"Charles River Labs Investor Failed to Depict Fraud, Company Says",https://news.bloomberglaw.com/litigation/charles-river-labs-investor-failed-to-depict-fraud-company-says
Former DC Office of Neighborhood Safety and Engagement director charged with bribery,https://www.dcnewsnow.com/news/local-news/washington-dc/former-dc-office-of-neighborhood-safety-and-engagement-director-charged-with-bribery/
Alberta Premier Danielle Smith swaps out deputy health minister amid AHS allegations,https://edmontonjournal.com/news/politics/alberta-premier-danielle-smith-lagrange-ahs-deputy-minister
Smith ‘confident’ in investigation into AHS CEO allegations,https://www.ctvnews.ca/video/2025/02/19/smith-confident-in-investigation-into-ahs-ceo-allegations/
Alberta premier shuffles deputy health minister amid allegations of corruption,https://www.msn.com/en-ca/health/other/alberta-premier-shuffles-deputy-health-minister-amid-allegations-of-corruption/ar-AA1zoafm
"Hanceville mayor responds to arrests, allegations",https://www.wsfa.com/video/2025/02/19/hanceville-mayor-responds-arrests-allegations/
Motion seeks to stop settlement between Johnson City and alleged Sean Williams victims,http://rssfeeds.wbir.com/~/913377308/0/wbir/national-world-news~Motion-seeks-to-stop-settlement-between-Johnson-City-and-alleged-Sean-Williams-victims
Final autopsy reveals David Batts' cause of death,http://rssfeeds.wbir.com/~/913377311/0/wbir/national-world-news~Final-autopsy-reveals-David-Batts-cause-of-death
Sheriff: Multiple arrests made in Taylor County fraud investigation,https://www.41nbc.com/sheriff-multiple-arrests-made-taylor-county-fraud-investigation/
Lawsuit against Norwalk for unlawful ban on homeless shelters moves forward,https://www.gov.ca.gov/2025/02/19/lawsuit-against-norwalk-for-unlawful-ban-on-homeless-shelters-moves-forward/
"ROSEN, TOP RANKED INVESTOR COUNSEL, Encourages GSK plc Investors to Secure Counsel Before Important Deadline in Securities Class Action – GSK",https://www.globenewswire.com/news-release/2025/02/19/3029248/673/en/ROSEN-TOP-RANKED-INVESTOR-COUNSEL-Encourages-GSK-plc-Investors-to-Secure-Counsel-Before-Important-Deadline-in-Securities-Class-Action-GSK.html
"EXTENDED: Alberta premier, health minister speak on allegations from former AHS CEO",https://www.ctvnews.ca/calgary/video/2025/02/19/extended-alberta-premier-health-minister-speak-on-allegations-from-former-ahs-ceo/
Ex-Bungie Director's Creepy Texts To Female Employees Released By Sony In Ongoing Lawsuit,https://www.resetera.com/threads/ex-bungie-directors-creepy-texts-to-female-employees-released-by-sony-in-ongoing-lawsuit.1113924/
Vawda exposes Rs60 billion land scandal,https://tribune.com.pk/story/2529688/vawda-exposes-rs60-billion-land-scandal
MAFS fans make huge request after shock development,https://au.lifestyle.yahoo.com/mafs-fans-major-demand-amid-adrian-araouzou-and-sierah-swepstones-cheating-scandal-230049303.html
"Genesee Co. deputy suspended, charged for allegedly leaving gun at school",https://www.wlns.com/news/genesee-co-deputy-suspended-charged-for-leaving-gun-at-school/
“We would not consent to it” – Javier Tebas reacts to La Liga referee allegations,https://www.football-espana.net/2025/02/19/javier-tebas-reacts-la-liga-referee-controversy
N115m fraud: El-Rufai’s ex-CoS regains freedom after 50-day detention,https://punchng.com/n115m-fraud-el-rufais-ex-cos-regains-freedom-after-50-day-detention/?utm_source=rss.punchng.com&utm_medium=web
Baldwin & Sons under scrutiny as Encinitas housing battle looms,https://thecoastnews.com/baldwin-sons-under-scrutiny-as-encinitas-housing-battle-looms/
Trail man defrauded online of banking information,https://rosslandtelegraph.com/2025/02/19/trail-man-defrauded-online-of-banking-information/
Resign before things get worse - Kpebu warns Akwatia MP,https://www.ghanaweb.com/GhanaHomePage/NewsArchive/Resign-before-things-get-worse-Kpebu-warns-Akwatia-MP-1972229
LightPath Technologies Announces Closing of Acquisition of G5 Infrared LLC,https://www.prnewswire.com/news-releases/lightpath-technologies-announces-closing-of-acquisition-of-g5-infrared-llc-302380839.html
M&T Bank Corporation Announces First Quarter Common Stock Dividend,https://www.prnewswire.com/news-releases/mt-bank-corporation-announces-first-quarter-common-stock-dividend-302380835.html
Texas Children's Hospital and UT MD Anderson Announce Joint Venture to End Childhood Cancer,https://www.prnewswire.com/news-releases/texas-childrens-hospital-and-ut-md-anderson-announce-joint-venture-to-end-childhood-cancer-302380725.html
"Stockholder Alert: Robbins LLP Informs Investors of the Constellation Brands, Inc. Class Action",https://www.prnewswire.com/news-releases/stockholder-alert-robbins-llp-informs-investors-of-the-constellation-brands-inc-class-action-302380703.html
"FTAI Equity Alert: Kessler Topaz Meltzer & Check, LLP Alerts Shareholders of Securities Fraud Class Action Lawsuit Filed against FTAI Aviation Ltd. (FTAI)",https://www.globenewswire.com/news-release/2025/02/19/3029246/0/en/FTAI-Equity-Alert-Kessler-Topaz-Meltzer-Check-LLP-Alerts-Shareholders-of-Securities-Fraud-Class-Action-Lawsuit-Filed-against-FTAI-Aviation-Ltd-FTAI.html
Local fire company asks for community support after hundreds of thousands of dollars allegedly stolen,https://www.wivb.com/news/local-news/erie-county/tonawanda/sheridan-park-fire-company-asks-for-community-support-after-hundreds-of-thousands-of-dollars-allegedly-stolen/
Embattled Eastern Ontario mayor to resign after tumultuous time in office,https://www.cbc.ca/news/canada/ottawa/ottawa-mcnab-braeside-mayor-resigns-1.7463271?cmp=rss
Do you think this is an early theft prevention device?,https://www.physicsforums.com/threads/do-you-think-this-is-an-early-theft-prevention-device.1078674/
Earnings call transcript: Wolverine Worldwide Q4 2024 sees stock drop despite stable EPS,https://in.investing.com/news/transcripts/earnings-call-transcript-wolverine-worldwide-q4-2024-sees-stock-drop-despite-stable-eps-93CH-4674304
Former West Michigan little league treasurer charged with embezzlement,https://www.wzzm13.com/video/news/crime/former-west-michigan-little-league-treasurer-charged-with-embezzlement/69-0c6fa5c5-7ce5-42e5-8e9b-e97581bf6536
"Former Helena property manager, Capital High cheer coach gets 5 years for embezzlement, elder exploitation",https://helenair.com/news/local/crime-courts/former-property-manager-capital-high-school-cheer-coach-gets-5-years-for-embezzlement/article_28d6911c-eefa-11ef-9cde-8f9a98511536.html
LA Gardasil Trial Against Merck Bagged After 3 Weeks,https://www.law360.com/consumerprotection/articles/2300130?utm_source=rss&utm_medium=rss&utm_campaign=section
NBA Star's Charity Says Tourney Promoters Owe $400K,https://www.law360.com/consumerprotection/articles/2300064?utm_source=rss&utm_medium=rss&utm_campaign=section
Kelowna political group fined over prohibited contribution on 2022 election,https://www.kelownanow.com/watercooler/news/news/Kelowna/Kelowna_political_group_fined_over_prohibited_contribution_on_2022_election/
"Army Corps' Mine Permit Defies Scientific Record, Lawsuit Says",https://news.bloomberglaw.com/health-law-and-business/army-corps-mine-permit-defies-scientific-record-lawsuit-says
Court Leans Toward CFPB in MCA Section 1071 Lawsuit,https://debanked.com/2025/02/court-sides-with-cfpb-in-mca-section-1071-lawsuit/
University of Kentucky Title IX lawsuit moves forward with some exceptions: What we know,https://fox56news.com/news/local/lexington/university-of-kentucky-title-ix-lawsuit-moves-forward-with-some-exceptions-what-we-know/
‘I hope we never get caught’: Hempfield firefighters battled fires they are now charged with starting: police,https://lancasteronline.com/news/local/i-hope-we-never-get-caught-hempfield-firefighters-battled-fires-they-are-now-charged-with/article_fe340cb4-ef0d-11ef-a425-339df8ec610c.html
President of Insurance Brokerage Firm and CEO of Marketing Company Charged in $161M Affordable Care Act Enrollment Fraud Scheme,https://www.justice.gov/opa/pr/president-insurance-brokerage-firm-and-ceo-marketing-company-charged-161m-affordable-care
3rd Circ. Doubts Alleged Cancer Risk Devalued Drug,https://www.law360.com/classaction/articles/2300038?utm_source=rss&utm_medium=rss&utm_campaign=section
Fraud-R1 : A Multi-Round Benchmark for Assessing the Robustness of LLM Against Augmented Fraud and Phishing Inducements,https://arxiv.org/abs/2502.12904
Labour gave Lords less than two days to vet 'fraud case' investment minister,https://www.dailymail.co.uk/news/article-14414949/labour-lords-two-days-fraud-case-investment-minister.html
Tampering allegations surface in Minnesota food fraud case involving a Rochester defendant,https://www.kaaltv.com/news/business-news/tampering-allegations-surface-in-minnesota-food-fraud-case-involving-a-rochester-defendant/
"Over 3,500 IRS employees in one division expected to be terminated by end of week",https://www.cbsnews.com/news/over-3500-irs-employees-expected-terminated-by-end-of-week/
CONTINUING COVERAGE: Both sides look to dismiss allegations in W-K School District bullying lawsuit,https://www.kttc.com/2025/02/19/continuing-coverage-both-sides-look-dismiss-allegations-w-k-school-district-bullying-lawsuit/
"Prosecutors investigating allegations of ""intervention in the nomination"" have secured details of Ki..",https://www.mk.co.kr/en/politics/11245350
Alberta premier to give update on response to health corruption allegations,https://www.msn.com/en-ca/news/canada/alberta-premier-to-give-update-on-response-to-health-corruption-allegations/ar-AA1zoafm
"Pentagon 14% of the way to zero trust compliance, faces challenges with ICAM, data tagging",http://breakingdefense.com/2025/02/pentagon-14-of-the-way-to-zero-trust-compliance-faces-challenges-with-icam-data-tagging/
Joint Stock Company Kaspi.kz Sued for Securities Law,https://www.globenewswire.com/news-release/2025/02/18/3028232/0/en/Joint-Stock-Company-Kaspi-kz-Sued-for-Securities-Law-Violations-Contact-Levi-Korsinsky-Before-February-18-2025-to-Discuss-Your-Rights-KSPI.html
"Windshield of KSRTC’s Royal View bus shattered, blamed on staff mishandling",https://keralakaumudi.com/en/news/news.php?id=1483850&u=windshield-of-ksrtc%E2%80%99s-royal-view-bus-shattered-blamed-on-staff-mishandling-1483850
Judge grills Emil Bove on his motion to dismiss Eric Adams indictment,https://www.theguardian.com/us-news/2025/feb/19/eric-adams-doj-prosecutors-hochul
QOTD: Have You Been the Victim of Auto Theft?,https://www.thetruthaboutcars.com/cars/question-of-the-day/qotd-have-you-been-the-victim-of-auto-theft-44512162?utm_medium=auto&utm_source=rss&utm_campaign=all_full
North West Company denies claims made in potential lawsuit,https://www.msn.com/en-ca/money/topstories/north-west-company-denies-claims-made-in-potential-lawsuit/ar-AA1zoxIg
Dillsboro ambulance company’s staggering response times prompts lawsuit by Indiana AG,https://www.wishtv.com/news/indiana-news/dillsboro-emergency-ambulance-sued-ag/
Woman who attempted to bribe Feeding Our Future juror arrested for DWI,http://rssfeeds.kare11.com/~/913375721/0/kare/local~Woman-who-attempted-to-bribe-Feeding-Our-Future-juror-arrested-for-DWI
Police: Man threatened officers during DUI arrest,https://www.wgal.com/article/york-county-man-accused-of-threatening-police-during-dui-arrest/63845731
"Mounties make arrests, seize guns and drugs in Valentine's Day traffic stop (Kamloops)",https://www.castanet.net/news/Kamloops/534226/Mounties-make-arrests-seize-guns-and-drugs-in-Valentine-s-Day-traffic-stop
US woman files lawsuit after wrong embryo implanted through IVF,https://www.koha.net/en/bote/iu-vendos-embrioni-i-gabuar-permes-ivf-se-gruaja-nga-shba-ja-ngreh-padi
"ROSEN, TOP RANKED INVESTOR COUNSEL, Encourages ICON plc Investors to Secure Counsel Before Important Deadline in Securities Class Action – ICLR",https://www.globenewswire.com/news-release/2025/02/19/3029238/673/en/ROSEN-TOP-RANKED-INVESTOR-COUNSEL-Encourages-ICON-plc-Investors-to-Secure-Counsel-Before-Important-Deadline-in-Securities-Class-Action-ICLR.html
"Revance Therapeutics, Inc. Class Action Lawsuit Alert: Johnson Fistel Announces Shareholders with Losses Should Contact the Law Firm for More Information",http://www.businesswire.com/news/home/20250219965300/en/Revance-Therapeutics-Inc.-Class-Action-Lawsuit-Alert-Johnson-Fistel-Announces-Shareholders-with-Losses-Should-Contact-the-Law-Firm-for-More-Information/?feedref=JjAwJuNHiystnCoBq_hl-adS5VAKkf1zsgyV8tTPInVcgiwDl5F89IquLVWUqfRVgLxDkSKfgoruKb9yWl5as-PbWreMWuYBefATrZ0EPTVXw2Oldt-3VQjUwU4Zj5HZBSvR87oUDgbHejiywQBpbg==
"Class Action Filed Against Monolithic Power Systems Inc. (MPWR) - April 7, 2025 Deadline to Join – Contact Levi & Korsinsky","https://www.tradingview.com/news/reuters.com,2025-02-18:newsml_GNXc6mdRq:0-class-action-filed-against-monolithic-power-systems-inc-mpwr-april-7-2025-deadline-to-join-contact-levi-korsinsky/"
Police must 'reset' following top cop's resignation,https://thewest.com.au/politics/law-and-order/police-must-reset-following-top-cops-resignation-c-17784735
INVESTOR ALERT: Shareholder Class Action Lawsuit Filed Against FMC Corp. (NYSE: FMC); DiCello Levitt LLP Encourages Investors with Losses to Discuss Their Options with Counsel,"https://www.tradingview.com/news/reuters.com,2025-02-19:newsml_GNXbSWWTm:0-investor-alert-shareholder-class-action-lawsuit-filed-against-fmc-corp-nyse-fmc-dicello-levitt-llp-encourages-investors-with-losses-to-discuss-their-options-with-counsel/"
Former Tax Lawyer for Tiësto and Afrojack Pleads Guilty to Fraud,https://edm.com/news/former-tax-lawyer-tiesto-afrojack-pleads-guilty-fraud
Letter: City issues statement on interactions with ICE,https://philomathnews.com/letter-city-issues-statement-on-interactions-with-ice/
Fraud – False Claims Act – Anti-Kickback Statute,https://masslawyersweekly.com/2025/02/19/fraud-false-claims-act-anti-kickback-statute/
Nancy Carroll and John Montalbano appointed to Manulife's Board of Directors,https://www.prnewswire.com/news-releases/nancy-carroll-and-john-montalbano-appointed-to-manulifes-board-of-directors-302380787.html
"DIAMONDROCK HOSPITALITY COMPANY COMPLETES SALE OF THE WESTIN WASHINGTON, D.C. CITY CENTER",https://www.prnewswire.com/news-releases/diamondrock-hospitality-company-completes-sale-of-the-westin-washington-dc-city-center-302380800.html
Manulife Reports Full Year and Fourth Quarter 2024 Results,https://www.prnewswire.com/news-releases/manulife-reports-full-year-and-fourth-quarter-2024-results-302380762.html
Millar Solidifies Its Position as a Leading Contract Design and Manufacturing Partner in Sensor Technology with Sentron Acquisition,https://www.prnewswire.com/news-releases/millar-solidifies-its-position-as-a-leading-contract-design-and-manufacturing-partner-in-sensor-technology-with-sentron-acquisition-302380606.html
TotalEnergies Marketing USA Signs 3-Year Lubricant Sponsorship with Meineke Dealers Purchasing Cooperative,https://www.prnewswire.com/news-releases/totalenergies-marketing-usa-signs-3-year-lubricant-sponsorship-with-meineke-dealers-purchasing-cooperative-302380449.html
Sable Entangles with California Coastal Commission in Legal Dispute Over Pipeline Repairs,https://www.edhat.com/news/sable-entangles-with-california-coastal-commission-in-legal-dispute-over-pipeline-repairs/
"The Pension Specialists Breach Exposes Data of 71,000 Participants",https://www.planadviser.com/pension-specialists-breach-exposes-data-71000-participants/
DATA BREACH ALERT: Edelson Lechtzin LLP Is Investigating Claims On Behalf Of The Pension Specialists Ltd. Customers Whose Data May Have Been Compromised,https://www.morningstar.com/news/pr-newswire/20250219ph23140/data-breach-alert-edelson-lechtzin-llp-is-investigating-claims-on-behalf-of-the-pension-specialists-ltd-customers-whose-data-may-have-been-compromised
Police officer faces no charges after beating children with a belt,https://www.rnz.co.nz/news/national/542464/police-officer-faces-no-charges-after-beating-children-with-a-belt
"Northrop Grumman updates executive compensation, director departs",https://www.investing.com/news/sec-filings/northrop-grumman-updates-executive-compensation-director-departs-93CH-3878654
Woman who embezzled from Hoffmann Hillermann Nursery faces federal charges,https://www.emissourian.com/local_news/woman-who-embezzled-from-hoffmann-hillermann-nursery-faces-federal-charges/article_97f0a44e-ef12-11ef-8cde-77e5f22b8ea3.html
How former PM Hipkins misled 5 million Kiwis and betrayed their trust in government,https://pointofordernz.wordpress.com/2025/02/20/how-former-pm-hipkins-misled-5-million-kiwis-and-betrayed-their-trust-in-government/
Doug Ford Claims He’s Made the Biggest Healthcare Investments in the ‘History of the Country’. Nurses Say That’s ‘Misleading’.,https://pressprogress.ca/doug-ford-claims-hes-made-the-biggest-healthcare-investments-in-the-history-of-the-country-nurses-say-thats-misleading/
SUN: Conservative watchdog group calls for investigation into Maryland Attorney General,http://www.msn.com/en-us/news/us/sun-conservative-watchdog-group-calls-for-investigation-into-maryland-attorney-general/ar-AA1xo7rM?ocid=BingNewsVerp&apiversion=v2&noservercache=1&domshim=1&renderwebcomponents=1&wcseo=1&batchservertelemetry=1&noservertelemetry=1
Competition Commission settles nine-year litigation with Willowton Group,http://www.msn.com/en-za/news/other/competition-commission-settles-nine-year-litigation-with-willowton-group/ar-AA1zi5oc?ocid=finance-verthp-feeds&apiversion=v2&noservercache=1&domshim=1&renderwebcomponents=1&wcseo=1&batchservertelemetry=1&noservertelemetry=1
"Shareholders of Block, Inc. Should Contact Levi & Korsinsky Before March 18, 2025 to Discuss Your Rights - XYZ",https://www.morningstar.com/news/pr-newswire/20250218ny20252/shareholders-of-block-inc-should-contact-levi-korsinsky-before-march-18-2025-to-discuss-your-rights-xyz
Pa. Justices Say Sales Tax Isn't Commerce Under State Law,https://www.law360.com/consumerprotection/articles/2300017?utm_source=rss&utm_medium=rss&utm_campaign=section
Who is the CEO of Shopify? Kanye West’s dispute with the e-commerce platform over Yeezy clothing line explained,http://www.msn.com/en-ca/money/companies/who-is-the-ceo-of-shopify-kanye-west-s-dispute-with-the-e-commerce-platform-over-yeezy-clothing-line-explained/ar-AA1zhcny?ocid=BingNewsVerp&apiversion=v2&noservercache=1&domshim=1&renderwebcomponents=1&wcseo=1&batchservertelemetry=1&noservertelemetry=1
WNY Medical to pay over $250K after alleged improper Medicare billing,https://www.wivb.com/news/crime/wny-medical-to-pay-250k-after-alleged-improper-medicare-billing/
Johnson & Johnson legal battle over baby powder's 'link to cancer' begins in $10 billion case,https://www.irishstar.com/news/us-news/johnson--johnson-legal-battle-34712860
11th Circ. TCPA Ruling Signals Erosion Of Judicial Deference,https://www.law360.com/cybersecurity-privacy/articles/2298102?utm_source=rss&utm_medium=rss&utm_campaign=section
Fair Oaks man sentenced to 33 months for medical device investment fraud,https://www.bizjournals.com/sacramento/news/2025/02/19/medical-fraud-scott-sentencing.html?ana=RSS&s=article_search
House panel OKs new lawsuit limits in heavily lobbied sovereign immunity bill,https://floridaphoenix.com/2025/02/19/house-panel-oks-new-lawsuit-limits-in-heavily-lobbied-sovereign-immunity-bill/
City Accepts Settlement in Lawsuit Stemming From Denied Insurance Claim,https://eastlansinginfo.news/city-accepts-settlement-in-lawsuit-stemming-from-denied-insurance-claim/
"Court upholds Minnesota lawsuit against ExxonMobil, others",https://www.kaxe.org/minnesota-news/2025-02-19/court-upholds-minnesota-lawsuit-against-exxonmobil-others
Blake Lively Adds Claims From 2 Other Women to Justin Baldoni Lawsuit,https://www.nytimes.com/2025/02/19/us/blake-lively-justin-baldoni-lawsuit.html
Colorado joins lawsuit challenging White House gender-affirming care order,https://www.westernslopenow.com/news/colorado-news/colorado-joins-lawsuit-challenging-white-house-gender-affirming-care-order/
Judge homes in on DOGE staffer duties in privacy lawsuit,https://thehill.com/regulation/court-battles/5154210-judge-doge-staffers-scrutiny/
Tax Tech Worker Says He Was Fired For Lawsuit Presentation,https://www.law360.com/employment-authority/discrimination/articles/2299981/tax-tech-worker-says-he-was-fired-for-lawsuit-presentation
FTAI Investors Have Opportunity to Lead FTAI Aviation Ltd. Securities Fraud Lawsuit,https://www.prnewswire.com/news-releases/ftai-investors-have-opportunity-to-lead-ftai-aviation-ltd-securities-fraud-lawsuit-302380752.html
Former Pc jailed for 15 months over inappropriate conduct towards two women,https://www.newsbreak.com/the-standard-2033851/3806195988274-former-pc-jailed-for-15-months-over-inappropriate-conduct-towards-two-women
Theft From Unlocked Vehicles Reported In Leamington Overnight,https://windsorite.ca/2025/02/theft-from-unlocked-vehicles-reported-in-leamington-overnight/
Sony pushes back hard against Bungie veteran's wrongful termination lawsuit,https://substack.com/home/post/p-157488271?utm_campaign=post&utm_medium=web
Bought Zicam products? You could get money back in class action settlement,https://www.newsnationnow.com/us-news/recalls/zicam-class-action-settlement/
Texas Lottery Faces Lawsuit Suit Over Alleged $95M Scheme,https://sbcamericas.com/2025/02/19/class-action-texas-lottery-fraud-scheme/
Trash compactor fire behind Naperville Savers causes $8K in damages,https://www.nctv17.org/news/trash-compactor-fire-behind-naperville-savers-causes-8k-in-damages/
‘Not even oligarchs can get away with misleading the public’: Rinehart’s ‘clean gas’ claims fall foul of Ad Standards,https://mumbrella.com.au/not-even-oligarchs-can-get-away-with-misleading-the-public-rineharts-clean-gas-claims-fall-foul-of-ad-standards-865070
"19-year-old boyfriend forbids girlfriend from doing mouth-to-mouth resuscitation because he considers it cheating, claims he can do it because he's going to be a doctor: 'This is like a drop in the ocean of what he does'",https://cheezburger.com/39286789/19-year-old-boyfriend-forbids-girlfriend-from-doing-mouth-to-mouth-resuscitation-because-he
Can You Negotiate Realtor Fees? Here’s How to Do It Without Conflict,https://manvsdebt.com/can-you-negotiate-realtor-fees-heres-how-to-do-it-without-conflict/
"Coastline hit with $5.8M foreclosure on Hallandale Beach dev site, as South Florida debt woes continue",https://therealdeal.com/miami/2025/02/19/optimumbank-files-foreclosure-on-hallandale-beach-dev-site/
Royal College of Nursing is accused of 'abandoning' its female members after union bosses refused to help nurse accused of 'misgendering' transgender doctor,https://www.dailymail.co.uk/health/article-14414931/Royal-College-Nursing-female-members-union-bosses-refused-help-nurse-misgendering-doctor.html?ns_mchannel=rss&ns_campaign=1490&ito=1490
"TMDX INVESTOR NOTICE: Robbins Geller Rudman &amp; Dowd LLP Announces that TransMedics Group, Inc. Investors with Substantial Losses Have Opportunity to Lead Class Action Lawsuit",http://www.businesswire.com/news/home/20250214695236/en/TMDX-INVESTOR-NOTICE-Robbins-Geller-Rudman-Dowd-LLP-Announces-that-TransMedics-Group-Inc.-Investors-with-Substantial-Losses-Have-Opportunity-to-Lead-Class-Action-Lawsuit/?feedref=JjAwJuNHiystnCoBq_hl-adS5VAKkf1zsgyV8tTPInVcgiwDl5F89IquLVWUqfRVgLxDkSKfgoruKb9yWl5as-PbWreMWuYBefATrZ0EPTVXw2Oldt-3VQjUwU4Zj5HZBSvR87oUDgbHejiywQBpbg==
Boss who told worker to get off his phone ordered to pay $1350,https://www.msn.com/en-au/news/world/boss-who-told-worker-to-get-off-his-phone-ordered-to-pay-1350/ar-AA1zoCCq
Member of L.A. Sheriff's Department Oversight Commission Resigns After Threats From County Attorney,https://capitalandmain.com/member-of-l-a-sheriffs-department-oversight-commission-resigns-after-threats-from-county-attorney
Addenbrooke&rsquo;s surgeon suspended after procedures left children injured,https://www.varsity.co.uk/news/29173
"ROSEN, TOP RANKED INVESTOR COUNSEL, Encourages FMC Corporation Investors to Secure Counsel Before Important Deadline in Securities Class Action – FMC",https://www.globenewswire.com/news-release/2025/02/19/3029235/673/en/ROSEN-TOP-RANKED-INVESTOR-COUNSEL-Encourages-FMC-Corporation-Investors-to-Secure-Counsel-Before-Important-Deadline-in-Securities-Class-Action-FMC.html
"Woman faces 3rd arrest after embezzling, stealing more than $30K since 2016",https://thenationaldesk.com/news/americas-news-now/woman-faces-3rd-arrest-after-embezzling-stealing-more-than-30k-since-2016-white-collar-crime-larceny-fraud-bank-account-routing-transactions-construction-contractor-mobile-home-anonymous-tip-law-enforcement?jw_start={seek_to_second_number}
CT Democrats’ special education plan faces funding challenge,https://ctmirror.org/2025/02/19/ct-special-education-plan-spending-cap/
Letter | Dance troupe not welcome amid allegations,https://captimes.com/opinion/letters-to-the-editor/letter-dance-troupe-not-welcome-amid-allegations/article_7e739718-eee2-11ef-8dd0-5f8da153b093.html
Blake Lively SLAMS Justin Baldoni with New LAWSUIT Allegations & Evidence,https://whatstrending.com/video/blake-lively-slams-justin-baldoni-with-new-lawsuit-allegations-evidence/
Alberta premier and health minister to address health authority allegations,https://ca.news.yahoo.com/alberta-premier-health-minister-address-203722033.html
"Suspended East Cleveland mayor seeks $50,000 on GoFundMe for legal fees",https://www.cleveland.com/news/2025/02/suspended-east-cleveland-mayor-seeks-50000-on-gofundme-for-legal-fees.html
"Securities Fraud Investigation Into The Trade Desk, Inc. (TTD) A",http://www.wicz.com/story/52377204/securities-fraud-investigation-into-the-trade-desk-inc-ttd-announced-investors-who-lost-money-urged-to-contact-the-law-offices-of-frank-r-cruz
Brothers flee after allegedly pistol-whipping incident at Soledad High School,https://www.ksbw.com/article/brothers-flee-pistol-whipping-soledad-high-school/63845434
"INVESTOR ALERT: Shareholder Class Action Lawsuit Filed Against TransMedics Group, Inc. (NASDAQ: TMDX); DiCello Levitt LLP Encourages Investors with Losses to Discuss Their Options with Counsel",https://www.globenewswire.com/news-release/2025/02/19/3029230/0/en/INVESTOR-ALERT-Shareholder-Class-Action-Lawsuit-Filed-Against-TransMedics-Group-Inc-NASDAQ-TMDX-DiCello-Levitt-LLP-Encourages-Investors-with-Losses-to-Discuss-Their-Options-with-Co.html?f=22&fvtc=7
"Maine 'Office of New Americans' Director Faces Backlash, Calls for Resignation Over Anti-Armenian Social Media Posts",https://www.themainewire.com/2025/02/maine-office-of-new-americans-director-faces-backlash-calls-for-resignation-over-anti-armenian-social-media-posts/
Kanye West faces new legal setbacks amid harassment and discrimination allegations,https://www.msn.com/en-in/entertainment/other/kanye-west-faces-new-legal-setbacks-amid-harassment-and-discrimination-allegations/ar-AA1z66dF
Hilo man accused of burglarizing several businesses,https://www.hawaiitribune-herald.com/2025/02/19/hawaii-news/hilo-man-accused-of-burglarizing-several-businesses/
"Contact The Gross Law Firm by February 21, 2025 Deadline to Join Class Action Against Capri Holdings Limited(CPRI)",https://stockhouse.com/news/press-releases/2025/02/13/contact-the-gross-law-firm-by-february-21-2025-deadline-to-join-class-action
Benton Harbor Commissioner cleared of wrongdoing in crash,https://www.wsjm.com/2025/02/19/benton-harbor-commissioner-cleared-of-wrongdoing-in-fatal-crash/
Shock twist behind MAFS' Adrian Araouzou and Sierah Swepstone's 'cheating scandal',https://au.lifestyle.yahoo.com/shock-twist-behind-mafs-adrian-araouzou-and-sierah-swepstones-cheating-scandal-213023004.html
Fijian captain responds to 'gay problem' scandal,https://www.msn.com/en-au/sport/other/fijian-captain-responds-to-gay-problem-scandal/ar-AA1znYxn
Legal dispute over shed that became home,https://www.stuff.co.nz/nz-news/360587922/legal-dispute-over-shed-became-home
Board member’s actions seen as ‘substantial misconduct’ according to district documents,https://www.centraltimes.org/showcase/2025/02/19/board-members-actions-seen-as-substantial-misconduct-according-to-district-documents/
Postal carrier and youth league president charged with theft and official misconduct,https://www.wbiw.com/2025/02/19/postal-carrier-and-youth-league-president-charged-with-theft-and-official-misconduct/
"EXCLUSIVE: Three Lee County deputies resign, one demoted for jurisdictional misconduct",https://www.wrbl.com/news/exclusive-three-lee-county-deputies-resign-one-demoted-for-jurisdictional-misconduct/
Telegram CEO charged for alleged criminal activity on messaging app,http://www.msn.com/en-us/money/other/telegram-ceo-charged-for-alleged-criminal-activity-on-messaging-app/ar-AA1pBBrW?apiversion=v2&noservercache=1&domshim=1&renderwebcomponents=1&wcseo=1&batchservertelemetry=1&noservertelemetry=1
Karoline Leavitt Faces Backlash Over Another Mistake,https://www.msn.com/en-us/news/politics/karoline-leavitt-faces-backlash-over-another-mistake/ss-AA1zffk0
Steelers insider believes team won't re-sign guard for 2025 season,https://steelerswire.usatoday.com/2025/02/19/james-daniels-2025-free-agency-gerry-dulac-steelers/
Police arrest Portland man with rifle near Salem Hospital after foot chase,https://www.salemreporter.com/2025/02/19/police-arrest-portland-man-with-rifle-near-salem-hospital-after-foot-chase/
Health authority files lawsuit accusing Tim Hortons of leak that caused damage in Brandon’s hospital,https://www.winnipegfreepress.com/breakingnews/2025/02/19/health-authority-files-lawsuit-accusing-tim-hortons-of-leak-that-caused-damage-in-brandons-hospital
Former PIX11 News reporter sues station for discrimination,https://pagesix.com/2025/02/19/entertainment/pix11-news-reporter-files-lawsuit-for-discrimination/
"Ex-Kuda Executive Sues Over Gender Discrimination, Unfair Dismissal",https://nigerianbulletin.com/ams/former-kuda-hr-chief-accuses-ceo-of-gender-bias-workplace-misconduct.12740/
"'(I fear) being homeless again' | Mother of four faces eviction, attorney blames housing authority",https://www.wcpo.com/news/local-news/finding-solutions/mother-fights-eviction-notice-amid-issues-with-cincinnati-metropolitan-housing-authority
SEC halts Geosyn Mining lawsuit amid federal fraud charges By Investing.com,https://za.investing.com/news/cryptocurrency-news/sec-halts-geosyn-mining-lawsuit-amid-federal-fraud-charges-93CH-3556991
"Syngenta, Corteva Can't Duck Ark. AG Antitrust Claims",https://www.law360.com/consumerprotection/articles/2300177?utm_source=rss&utm_medium=rss&utm_campaign=section
Rep. Elik Issues Statement On Gov. Pritzker's Budget Address,https://www.riverbender.com/news/details/rep-elik-issues-statement-on-gov-pritzkers-budget-address-79845.cfm
UPDATE: Marana issues statement on deadly plane crash that killed two,https://www.kgun9.com/news/community-inspired-journalism/marana/marana-regional-airport-confirms-crash-wednesday-morning
CEO and president Jeff Dack departs from Funday,https://strategyonline.ca/2025/02/19/agency-moves-jeff-dack-funday/
Manulife files 2024 Audited Annual Financial Statements and Related MD&A,https://www.prnewswire.com/news-releases/manulife-files-2024-audited-annual-financial-statements-and-related-mda-302380783.html
Manulife increases common shareholders' dividend by 10.0%,https://www.prnewswire.com/news-releases/manulife-increases-common-shareholders-dividend-by-10-0-302380779.html
Manulife declares preferred share dividends,https://www.prnewswire.com/news-releases/manulife-declares-preferred-share-dividends-302380771.html
Manulife announces Normal Course Issuer Bid,https://www.prnewswire.com/news-releases/manulife-announces-normal-course-issuer-bid-302380764.html
"Rollins, Inc. Announces Pricing of its $500 Million of 5.25% Senior Notes due 2035",https://www.prnewswire.com/news-releases/rollins-inc-announces-pricing-of-its-500-million-of-5-25-senior-notes-due-2035--302380780.html
OceanaGold Reports Mineral Reserves and Resources for the Year Ended 2024,https://www.prnewswire.com/news-releases/oceanagold-reports-mineral-reserves-and-resources-for-the-year-ended-2024-302380769.html
Dynavax Responds to Deep Track and Highlights Long-Term Value Creation Strategy,https://www.prnewswire.com/news-releases/dynavax-responds-to-deep-track-and-highlights-long-term-value-creation-strategy-302380772.html
"Universal Technical Institute-Orlando to Begin Offering Heating, Ventilation, Air Conditioning and Refrigeration (HVACR) Program in March",https://www.prnewswire.com/news-releases/universal-technical-institute-orlando-to-begin-offering-heating-ventilation-air-conditioning-and-refrigeration-hvacr-program-in-march-302379189.html
Texas CHIPS Act Awards Silicon Labs $23 Million to Expand R&D Advancements in Austin,https://www.prnewswire.com/news-releases/texas-chips-act-awards-silicon-labs-23-million-to-expand-rd-advancements-in-austin-302380768.html
Blue Owl Capital Corporation Reports Full Year Results and Fourth Quarter Net Investment Income Per Share of $0.47 and Net Asset Value Per Share of $15.26,https://www.prnewswire.com/news-releases/blue-owl-capital-corporation-reports-full-year-results-and-fourth-quarter-net-investment-income-per-share-of-0-47-and-net-asset-value-per-share-of-15-26--302380760.html
Ball Corporation to Present at Bank of America 2025 Global Agriculture and Materials Conference,https://www.prnewswire.com/news-releases/ball-corporation-to-present-at-bank-of-america-2025-global-agriculture-and-materials-conference-302378306.html
Southwest Gas Holdings Declares Second Quarter 2025 Dividend,https://www.prnewswire.com/news-releases/southwest-gas-holdings-declares-second-quarter-2025-dividend-302380592.html
Quaker Houghton Announces Quarterly Dividend,https://www.prnewswire.com/news-releases/quaker-houghton-announces-quarterly-dividend-302380555.html
SM ENERGY REPORTS RECORD 2024 RESULTS AND TRANSFORMATIVE 2025 OPERATING PLAN; AND ANNOUNCES OFFICER RETIREMENT AND NEW APPOINTMENTS,https://www.prnewswire.com/news-releases/sm-energy-reports-record-2024-results-and-transformative-2025-operating-plan-and-announces-officer-retirement-and-new-appointments-302380672.html
ONE Gas Announces Fourth Quarter and Full Year 2024 Financial Results,https://www.prnewswire.com/news-releases/one-gas-announces-fourth-quarter-and-full-year-2024-financial-results-302380659.html
PRA Group Reports Fourth Quarter and Full Year 2024 Results,https://www.prnewswire.com/news-releases/pra-group-reports-fourth-quarter-and-full-year-2024-results-302380690.html
Burlington Hydro notifies customers personal information may have been exposed in data breach,https://www.insidehalton.com/news/burlington-hydro-notifies-customers-personal-information-may-have-been-exposed-in-data-breach/article_e466109e-6896-5445-85fc-f480113030de.html
DATA BREACH ALERT: Edelson Lechtzin LLP Is Investigating Claims On Behalf Of American Renal Management d/b/a Innovative Renal Care Customers Whose Data May Have Been Compromised,https://www.morningstar.com/news/pr-newswire/20250219ph23136/data-breach-alert-edelson-lechtzin-llp-is-investigating-claims-on-behalf-of-american-renal-management-dba-innovative-renal-care-customers-whose-data-may-have-been-compromised
"SC high school students charged with bringing multiple weapons to school, sheriff says",https://www.thestate.com/news/local/crime/article300610579.html#storylink=rss
Chilean crime ring charged in robberies at homes of high-profile athletes,https://www.npr.org/2025/02/19/nx-s1-5302155/chilean-crime-ring-charged-in-robberies-at-homes-of-high-profile-athletes
"DSS Recovers Guns and Ammunition from Office Allegedly Used by Ex-Lagos Speaker, Mudashiru Obasa’s Aide",https://instablog9ja.com/2025/02/19/dss-recovers-guns-and-ammunition-from-office-allegedly-used-by-ex-lagos-speaker-mudashiru-obasas-aide/
Christianity Today CEO Denies Left-Wing Funding and Bias From Atop His High Horse,https://christianresearchnetwork.org/2025/02/19/christianity-today-ceo-denies-left-wing-funding-and-bias-from-atop-his-high-horse/
Interim US Attorney Launches Investigation Into Political Threats,https://www.inkl.com/news/interim-us-attorney-launches-investigation-into-political-threats
Ex-Credit Suisse CEO Faces Court Challenge to Ivorian Leadership,https://www.bloomberg.com/news/articles/2025-02-19/ex-credit-suisse-ceo-political-leadership-faces-court-challenge
"After child’s bounce house death, Southern Maryland Blue Crabs gets over $4K in citations, sued by parents",https://www.fredericknewspost.com/public/ap/after-child-s-bounce-house-death-southern-maryland-blue-crabs-gets-over-4k-in-citations/article_0a6cafeb-edbe-567e-b218-1078317f3320.html
Rep. Enrique Sanchez ordered to install car breathalyzer following DUI arrest,https://www.wpri.com/target-12/rep-enrique-sanchez-ordered-to-install-car-breathalyzer-following-dui-arrest/
"ROSEN, TRUSTED INVESTOR COUNSEL, Encourages Monolithic Power Systems, Inc. Investors to Secure Counsel Before Important Deadline in Securities Class Action – MPWR",https://www.globenewswire.com/news-release/2025/02/19/3029225/673/en/ROSEN-TRUSTED-INVESTOR-COUNSEL-Encourages-Monolithic-Power-Systems-Inc-Investors-to-Secure-Counsel-Before-Important-Deadline-in-Securities-Class-Action-MPWR.html
Judge rules mom needs to get sent back to Turkey with her son charged with killing somebody with his dad's Porsche,https://www.universalhub.com/2025/judge-rules-mom-needs-get-sent-back-turkey-her-son
Gina Rinehart's mining ad pinged for misleading environmental claims,http://www.adnews.com.au/index.cfm?type=yafNews&objectID=305B5970-EF06-11EF-87735E6D205F668F
SSP arrests subject who threatened “Va y Ven” driver with a machete,https://www.theyucatantimes.com/2025/02/ssp-arrests-subject-who-threatened-va-y-ven-driver-with-a-machete/
FWPD: Man arrested following alleged abuse of his 2-month-old infant,https://www.21alivenews.com/video/2025/02/19/fwpd-man-arrested-following-alleged-abuse-his-2-month-old-infant/
NYC congestion charge under attack – legal battle looms,https://www.traffictechnologytoday.com/news/tolling/nyc-congestion-charge-under-attack-legal-battle-looms.html
Reversible long-range domain wall motion in an improper ferroelectric,https://www.nature.com/articles/s41467-025-57062-8
Buyers Go Haywire as BlockDAG 350% Offer Soon Winds Up! Toncoin Price Falls While Shiba Inu Faces Resistance,https://www.analyticsinsight.net/cryptocurrency-analytics-insight/buyers-go-haywire-as-blockdag-350-offer-soon-winds-up-toncoin-price-falls-while-shiba-inu-faces-resistance
How Private Securities Suits Complement SEC Enforcement,https://www.law360.com/consumerprotection/articles/2296680?utm_source=rss&utm_medium=rss&utm_campaign=section
DC plane crash: Victim's family seeks $250 million in first legal action since deadly collision,https://www.msn.com/en-us/news/us/dc-plane-crash-victim-s-family-seeks-250-million-in-first-legal-action-since-deadly-collision/ar-AA1zjjA8
"Indiana AG sues ambulance company, calls response times ‘unacceptable’",https://www.wlwt.com/article/indiana-attorney-general-dillsboro-ambulance-lawsuit/63844526
"Blake Lively amends her lawsuit against Justin Baldoni - WEIS | Local & Area News, Sports, & Weather",https://weisradio.com/2025/02/19/blake-lively-amends-her-lawsuit-against-justin-baldoni/
Liberty Steel in Georgetown faces $7 million lawsuit over unpaid power bills,https://wpde.com/news/local/liberty-steel-in-georgetown-faces-7-million-lawsuit-over-unpaid-power-bills-monthly-santee-cooper-agreements-termination-demanded-payment-outstanding-balance-ceased-operations-unpaid-balance-mill-remains-idle-industrial-operations
AG lawsuit accuses ambulance unit of failing to provide services in Dearborn County,https://www.insideindianabusiness.com/articles/ag-lawsuit-accuses-ambulance-unit-of-failing-to-provide-services-in-dearborn-county
GORE-TEX Manufacturers Accused Of Greenwashing In New Lawsuit,https://hypebeast.com/2025/2/gore-tex-greenwashing-class-action-lawsuit
Company wins $74 million in casino construction lawsuit,https://www.bizjournals.com/denver/news/2025/02/19/pcl-casino-construction-lawsuit-award-denver.html
"NMRA INVESTOR ALERT: Bronstein, Gewirtz & Grossman LLC Announces that Neumora Therapeutics, Inc. Investors with Substantial Losses Have Opportunity to Lead Class Action Lawsuit",https://www.morningstar.com/news/pr-newswire/20250219dc14559/nmra-investor-alert-bronstein-gewirtz-grossman-llc-announces-that-neumora-therapeutics-inc-investors-with-substantial-losses-have-opportunity-to-lead-class-action-lawsuit
Military Health Firm Pays $11.2M to Settle Cyber Fraud Case,https://www.bankinfosecurity.com/military-health-firm-pays-112m-to-settle-cyber-fraud-case-a-27559
Cardlytics (CDLX) Faces Investor Lawsuit Over Growth Projections – Hagens Berman,https://www.bakersfield.com/ap/news/cardlytics-cdlx-faces-investor-lawsuit-over-growth-projections-hagens-berman/article_e003da11-90b6-5769-a4bc-340f25b95410.html
NC elections chief pushes back on 'negligence' allegations in contested race,https://www.wral.com/story/nc-elections-chief-pushes-back-on-negligence-allegations-in-contested-race/21868065/
LIVE NOW: Alberta Premier Smith and health minister speak on allegations from former AHS CEO,https://www.ctvnews.ca/video/2025/02/19/live-now-alberta-premier-smith-and-health-minister-speak-on-allegations-from-former-ahs-ceo/
Premier Smith to update Alberta government response to health corruption allegations,https://globalnews.ca/news/11025331/premier-danielle-smith-alberta-contract-allegations/
Channel 4 star who broke girlfriend's jaw faces jail,https://www.bristolpost.co.uk/news/channel-4-star-who-broke-9959916
Spanish media deliver ‘magical’ verdict on Manchester United loanee as Kylian Mbappe faces unexpected battle,https://www.unitedinfocus.com/news/spanish-media-deliver-magical-verdict-on-manchester-united-loanee-as-kylian-mbappe-faces-unexpected-battle/
"Avis Budget Group, Inc. Investors: Company Investigated by the Portnoy Law Firm",https://www.globenewswire.com/news-release/2025/02/19/3029209/0/en/Avis-Budget-Group-Inc-Investors-Company-Investigated-by-the-Portnoy-Law-Firm.html?f=22&fvtc=7
"DWP to check bank accounts for £16,000 in savings in crackdown on benefits fraud",https://www.chroniclelive.co.uk/news/cost-of-living/dwp-check-bank-accounts-16-31041092
Judge questions NYC mayor over DOJ's request to drop corruption case,https://www.usatoday.com/story/news/nation/2025/02/19/nyc-mayor-eric-adams-hearing-updates/79169701007/
Judge sets Wednesday hearing in motion to dismiss case against New York City Mayor Eric Adams,https://www.era-leader.com/judge-sets-wednesday-hearing-motion-dismiss-case-against-new-york-city-mayor-eric-adams
"Federal prosecutor will sign motion to dismiss Adams charges in bid to save colleagues' jobs, sources say",https://www.msn.com/en-ph/news/us/federal-prosecutor-will-sign-motion-to-dismiss-adams-charges-in-bid-to-save-colleagues-jobs-sources-say/ar-AA1z4wrC
Federal judge dismisses some claims in UK swim scandal — but lawsuit continues,https://www.wdrb.com/sports/uk-sports/federal-judge-dismisses-some-claims-in-uk-swim-scandal-but-lawsuit-continues/article_59e7d6e0-eee5-11ef-a0bf-17cfbf2e4de8.html
Former OLCC spirits director sues over ‘smear campaign’ after bourbon scandal,https://www.koin.com/news/oregon/former-olcc-spirits-director-sues-over-smear-campaign-after-bourbon-scandal/
Title,URL
,
,
,
,
,
,
,
,
,
,
,
,
,
,
,
,
,
,
,
,
,
,
,
,
,
,
,
,
,
,
,
,
,
,
Title,URL
,
,
,
,
Title,URL
,
,
,
,
,
,
,
,
,
,
,
,
,
,
,
,
,
,
,
,
,
,
,
,
,
,
,
,
,
,
,
,
,
,
,
,
,
,
,
,
,
,
,
,
,
,
,
,
,
,
,
,
,
,
,
,
,
,
,
,
,
,
,
,
,
,
,
,
,
,
,
,
,
,
,
,
,
,
,
